id,name,model_id/id,group_id/id,perm_read,perm_write,perm_create,perm_unlink
access_employee_without_shift,access_employee_without_shift,model_employee_without_shift,base.group_user,1,1,1,1
access_employee_attendance_wizard,access_employee_attendance_wizard,model_employee_attendance_wizard,base.group_user,1,1,1,1
access_employee_attendance_comer,access_employee_attendance_comer,model_employee_attendance_comer,base.group_user,1,1,1,1
access_factory_attendance_wizard,access_factory_attendance_wizard,model_factory_attendance_wizard,base.group_user,1,1,1,1
