id,name,model_id:id,group_id:id,perm_read,perm_write,perm_create,perm_unlink
access_operation_type,access_operation_type,model_operation_type,base.group_user,1,1,1,1
access_device_line,access_device_line,model_device_line,base.group_user,1,1,1,1
access_zk_attendance_logs,access_zk_attendance_logs,model_zk_attendance_logs,base.group_user,1,1,1,1
access_zk_attendance_wizard,access_zk_attendance_wizard,model_zk_attendance_wizard,base.group_user,1,1,1,1
access_zk_set_user_wizard,access_zk_set_user_wizard,model_zk_set_user_wizard,base.group_user,1,1,1,1
access_zk_user_transfer_wizard,access_zk_user_transfer_wizard,model_zk_user_transfer_wizard,base.group_user,1,1,1,1