<?xml version="1.0" encoding="utf-8"?>
<odoo>
    <!-- <data> -->
        <record model="ir.sequence" id="vendor_id_sequence">
            <field name="name">Vendor Number</field>
            <field name="code">res_partner1</field>
            <field name="prefix">VNDR/%(month)s/%(range_year)s/</field>
            <field name="active">TRUE</field>
            <field name="padding">5</field>
            <field name="number_next">1</field>
            <field name="number_increment">1</field>
        </record>
    <!-- </data> -->
</odoo>