<?xml version="1.0" encoding="utf-8"?>
<odoo>
    <!-- <data> -->
       <record id="view_employee_form_op" model="ir.ui.view">
            <field name="name">res.partner.vendor.id</field>
            <field name="model">res.partner</field>
            <field name="inherit_id" ref="base.view_partner_form"/>
            <field name="arch" type="xml">
                    <xpath expr='//field[@name="function"]' position="before">
                    <field name="f_vendor_no" string="Vendor ID" invisible="context.get('res_partner_search_mode') != 'supplier'"/>
                        <!-- <field name="f_vendor_no" string="Vendor ID"  attrs="{'invisible':[('supplier','!=',True)]}" /> -->
                </xpath>

            </field>
        </record>


    <!-- </data> -->
</odoo>