<?xml version="1.0" encoding="UTF-8"?>
<templates id="point_of_sale.template" xml:space="preserve">
    <t t-name="ClientListScreen" t-inherit="point_of_sale.ClientListScreen" t-inherit-mode="extension" owl="1">
        <xpath expr="//table[hasclass('client-list')]//tr/th" position="after">
            <th>Reference</th>
        </xpath>
    </t>
    <t t-name="ClientLine" t-inherit="point_of_sale.ClientLine" t-inherit-mode="extension" owl="1">
        <xpath expr="//tr/td" position="after">
            <td t-esc="props.partner.ref or ''"/>
        </xpath>
    </t>

    <t t-name="ClientDetailsEdit" t-inherit="point_of_sale.ClientDetailsEdit" t-inherit-mode="extension" owl="1">
        <xpath expr="//input[@name='vat']/../.." position="after">
            <div class="client-detail">
                <span class="label">Reference</span>
                <input class="detail ref" name="ref" t-on-change="captureChange"
                       t-att-value="props.partner.ref || ''"  disabled="disabled"/>
            </div>
            <div class="client-detail">
                <span class="label">Company</span>
                <select class="detail needsclick" name="company_id" t-on-change="captureChange">
                    <option value="" t-att-selected="props.partner.company_id ? undefined : true">None</option>
                    <option t-att-value="env.pos.company.id" t-att-selected="props.partner.company_id ? ((env.pos.company.id === props.partner.company_id[0]) ? true : undefined) : undefined"><span t-esc="env.pos.company.name"/></option>
                </select>
            </div>
        </xpath>
    </t>

    <t t-name="OrderReceipt" t-inherit="point_of_sale.OrderReceipt" t-inherit-mode="extension" owl="1">
        <xpath expr="//div[hasclass('pos-receipt-order-data')]" position="inside">
            <t t-if="props.isBill">
                <div>PRO FORMA</div>
            </t>
        </xpath>
        <xpath expr="//div[hasclass('receipt-change')]" position="attributes">
            <attribute name="t-if">!props.isBill</attribute>
        </xpath>
        <xpath expr="//div[hasclass('cashier')]" position="after">
            <t t-if="receipt.table">
                at table <t t-esc="receipt.table" />
            </t>
            <t t-if="receipt.table and receipt.customer_count">
                <div>Guests: <t t-esc="receipt.customer_count" /></div>
            </t>
        </xpath>
        <xpath expr="//div[hasclass('before-footer')]" position="after">
            <t t-if="props.isBill and env.pos.config.set_tip_after_payment">
                <div class="tip-form">
                    <div class="title">For convenience, we are providing the following gratuity calculations:</div>
                    <div class="percentage-options">
                        <div class="option">
                            <div>15%</div>
                            <div class="amount">
                                <t t-esc="env.pos.format_currency(receipt.total_with_tax * 0.15)"></t>
                            </div>
                        </div>
                        <div class="option">
                            <div>20%</div>
                            <div class="amount">
                                <t t-esc="env.pos.format_currency(receipt.total_with_tax * 0.20)"></t>
                            </div>
                        </div>
                        <div class="option">
                            <div>25%</div>
                            <div class="amount">
                                <t t-esc="env.pos.format_currency(receipt.total_with_tax * 0.25)"></t>
                            </div>
                        </div>
                    </div>
                </div>
            </t>
        </xpath>
    </t>

</templates>
