<?xml version="1.0" encoding="UTF-8"?>
<templates id="point_of_sale.template" xml:space="preserve">
    <t t-name="Chrome" t-inherit="point_of_sale.Chrome" t-inherit-mode="extension" owl="1">
        <xpath expr="//div[hasclass('pos-branding')]" position="replace">
             <img src='/web/binary/company_logo' style="width: 3%;padding: 2px 8px 0px 13px;float: left;"/>
             <span class="placeholder-UsernameWidget" style="float: left;padding-top: 19px;color: #fff;"></span>
             <CashMoveButton t-if="showCashMoveButton()" />
             <TicketButton isTicketScreenShown="isTicketScreenShown" />
        </xpath>
    </t>

    <t t-name="OrderReceipt" t-inherit="point_of_sale.OrderReceipt" t-inherit-mode="extension" owl="1">
        <xpath expr="//div[hasclass('pos-receipt')]" position="replace">
            <div class="pos-receipt">
                <div class="pos-receipt-contact">
                    <div class="flex">
                        <div>
                            <div style="width: 55%;float: left; text-align: left; padding: 20px 0px;">
                                <t t-if="receipt.client">
                                    Customer: <t t-esc="receipt.client.name"/><br />
                                </t>
                                <t t-if="receipt.client.ref">
                                    Customer ID: <t t-esc="receipt.client.ref"/><br />
                                </t>
                                <t t-if="receipt.cashier or receipt.user">
                                    Cashier: 
                                    <t t-if="receipt.cashier"><span t-esc="receipt.cashier"/></t>
                                    <t t-else=""><span t-esc="receipt.user_id.name"/></t>
                                    <br />
                                </t>
                                <t t-if="receipt.company.phone">
                                    Phone: <t t-esc="receipt.company.phone || ''"/><br />
                                </t>
                                <t t-esc="receipt.name"/>
                                <t t-if="receipt.date.localestring">
                                    <div>Date: <t t-esc="receipt.date.localestring" /></div>
                                </t>
                                <t t-else="">
                                    <div>Date: <t t-esc="receipt.date.validation_date" /></div>
                                </t>
                            </div>
                        </div>
                        <div>
                            <div t-if="receipt.company.logo" style="width: 45%; float: left; margin-top:10px;">
                                <img class="pos-receipt-logo" t-att-src="receipt.company.logo" alt="Logo"/>
                                <br/>
                            </div>
                            <t t-if="receipt.company.name">
                                <div style="width:100%;text-align:right;"><t t-esc="receipt.company.name"/></div>
                            </t>
                            <t t-if="receipt.company.email">
                                <div style="width:100%;text-align:right;"><t t-esc="receipt.company.email"/></div>
                            </t>
                            <br />
                            <t t-if="receipt.header">
                                <div  style="width:100%;text-align:right;">
                                    <t t-esc="receipt.header" />
                                </div>
                                <br/>
                            </t>
                        </div>
                    </div>
                </div>
                <table class='receipt-orderlines' width="100%">
                    <colgroup>
                        <col width='45%' />
                        <col width='15%' />
                        <col width='20%' />
                        <col width='40%' />
                    </colgroup>
                    <tr style="border: 1px solid rgb(0, 0, 0);">
                        <th>Name</th>
                        <th align="center">Qty</th>
                        <th align="center">Price - <t t-esc="env.pos.currency.symbol"/></th>
                        <th class="price_display pos-receipt-right-align">Value</th>
                    </tr>
                    <tr t-foreach="receipt.orderlines" t-as="orderline">
                        <td>
                            <t t-esc="orderline.product_name_wrapped[0]"/>
                             <t t-if="orderline.discount > 0">
                                <div class="pos-disc-font">
                                    With a <t t-esc="orderline.discount"/>% discount
                                </div>
                            </t>
                        </td>
                        <td align="right" style="padding-ritgh:10px;">
                            <t t-esc="Math.round(orderline.quantity * Math.pow(10, env.pos.dp['Product Unit of Measure'])) / Math.pow(10, env.pos.dp['Product Unit of Measure'])"/>
                            <t t-if="!orderline.is_in_unit" t-esc="orderline.unit_name" />
                        </td>
                        <td align="center">
                            <t t-esc="orderline.price_display_one"/>
                        </td>
                        <td align="right">
                            <span class="price_display pos-receipt-right-align">
                                <t t-esc="env.pos.format_currency_no_symbol(orderline.price_display)" />
                            </span>
                        </td>
                    </tr>
                </table>
                <br />
                <table class='receipt-total' width="100%">
                    <colgroup>
                        <col width='40%' />
                        <col width='30%' />
                        <col width='50%' />
                    </colgroup>
                    <tr>
                        <td></td>
                        <td>Subtotal:</td>
                        <td style='text-align:right'>
                            <span t-esc="env.pos.format_currency(receipt.subtotal)" class="pos-receipt-right-align"/>
                        </td>
                    </tr>
                    <t t-if="isTaxIncluded">
                        <t t-foreach="receipt.tax_details" t-as="tax" t-key="tax.name">
                            <tr>
                                <td/>
                                <td><t t-esc="tax.name"/></td>
                                <td>
                                    <span t-esc="env.pos.format_currency_no_symbol(tax.amount)" class="pos-receipt-right-align"/>
                                </td>
                            </tr>
                        </t>
                    </t>
                    <tr>
                        <td></td>
                        <td>Discount:</td>
                        <td style='text-align:right'>
                            <span t-esc="env.pos.format_currency(receipt.total_discount)" class="pos-receipt-right-align"/>
                        </td>
                    </tr>
                    <tr class="emph">
                        <td/>
                        <td>Total:</td>
                        <td style='text-align:right'>
                            <span t-esc="env.pos.format_currency(receipt.total_with_tax)" class="pos-receipt-right-align"/>
                        </td>
                    </tr>
                </table>
                <br/>
                <table class='receipt-paymentlines' width="100%">
                    <colgroup>
                        <col width='38%' />
                        <col width='20%' />
                        <col width='13%' />
                        <col width='49%' />
                    </colgroup>
                    <t t-foreach="receipt.paymentlines" t-as="line" t-key="line.cid">
                        <tr>
                            <td><t t-esc="line.name"/></td>
                            <td/><td/>
                            <td>
                                <span t-esc="env.pos.format_currency(line.amount)" class="pos-receipt-right-align"/>
                            </td>
                        </tr>
                    </t>
                </table>
                <br/>
                <table class='receipt-change' width="100%">
                    <colgroup>
                        <col width='40%' />
                        <col width='15%' />
                        <col width='15%' />
                        <col width='50%' />
                    </colgroup>
                    <tr>
                        <td>Change:</td>
                        <td/>
                        <td/>
                        <td style='text-align:right'>
                            <span t-esc="env.pos.format_currency(receipt.change)" class="pos-receipt-right-align"/>
                        </td>
                    </tr>
                </table>
                <t t-if="receipt.loyalty.points_total">
                    <br/>
                    <table class='receipt-change-point' width="100%">
                        <colgroup>
                            <col width='40%' />
                            <col width='15%' />
                            <col width='15%' />
                            <col width='50%' />
                        </colgroup>
                        <tr>
                            <td>Loyalty Points:</td>
                            <td style='text-align:right'>
                                <span t-esc="receipt.loyalty.points_total" class="pos-receipt-right-align"/>
                            </td>
                        </tr>
                    </table>
                    <br/>
                </t>
                <img t-if="receipt.qr_code" id="qrcode" t-att-src="receipt.qr_code" class="pos-receipt-logo"/>
                  <div class="before-footer" />

            <!-- Footer -->
            <div t-if="receipt.footer_html"  class="pos-receipt-center-align">
                <t t-raw="receipt.footer_html" />
            </div>

            <div t-if="!receipt.footer_html and receipt.footer"  class="pos-receipt-center-align" style="white-space:pre-line">
                <br/>
                <t t-esc="receipt.footer" />
                <br/>
                <br/>
            </div>

            <div class="after-footer">
                <t t-foreach="receipt.paymentlines" t-as="line">
                    <t t-if="line.ticket">
                        <br />
                        <div class="pos-payment-terminal-receipt">
                            <t t-raw="line.ticket" />
                        </div>
                    </t>
                </t>
            </div>

            <br/>
            </div>
        </xpath>
    </t>
</templates>