id,name,model_id:id,group_id:id,perm_read,perm_write,perm_create,perm_unlink
access_purchase_order_approval,purchase.order.approval,model_purchase_order_approval,purchase.group_purchase_user,1,1,1,1
access_purchase_order_approval_state,purchase.order.approval.state,model_purchase_order_approval_state,purchase.group_purchase_user,1,1,1,1
access_purchase_inventory_state,purchase.order.approval.inv.state,model_purchase_order_approval_state,base.group_user,1,1,1,1
access_purchase_order_approval_type,purchase.order.approval.type,model_purchase_order_approval_type,purchase.group_purchase_user,1,1,1,1
access_purchase_order_approval_inv_type,purchase.order.inv.approval.type,model_purchase_order_approval_type,base.group_user,1,1,1,1
