<?xml version="1.0" encoding="utf-8"?>
<odoo>
<data noupdate="0">

<record id="group_purchase_initiation" model="res.groups">
        <field name="name">Initiation</field>
        <field name="implied_ids" eval="[(4, ref('base.group_user'))]"/>
        <field name="category_id" ref="base.module_category_operations_purchase"/>
    </record>

    <record id="group_purchase_initiation_approver" model="res.groups">
        <field name="name">Initiation Approver</field>
        <field name="implied_ids" eval="[(4, ref('base.group_user'))]"/>
        <field name="category_id" ref="base.module_category_operations_purchase"/>
    </record>

       <record id="group_purchase_po_approval_one" model="res.groups">
        <field name="name">PO Approval 1</field>
        <field name="implied_ids" eval="[(4, ref('purchase.group_purchase_user'))]"/>
        <field name="category_id" ref="base.module_category_operations_purchase"/>
    </record>

    <record id="group_purchase_po_approval_two" model="res.groups">
        <field name="name">PO Approval 2</field>
        <field name="implied_ids" eval="[(4, ref('purchase.group_purchase_manager'))]"/>
        <field name="category_id" ref="base.module_category_operations_purchase"/>
    </record>


    <record id="group_purchase_po_approval_three" model="res.groups">
        <field name="name">PO Approval 3</field>
        <field name="implied_ids" eval="[(4, ref('purchase.group_purchase_manager'))]"/>
        <field name="category_id" ref="base.module_category_operations_purchase"/>
    </record>


    <record id="group_purchase_po_approval_four" model="res.groups">
        <field name="name">PO Approval 4</field>
        <field name="implied_ids" eval="[(4, ref('purchase.group_purchase_manager'))]"/>
        <field name="category_id" ref="base.module_category_operations_purchase"/>
    </record>

</data>
</odoo>

