id,name,model_id:id,group_id:id,perm_read,perm_write,perm_create,perm_unlink
access_store_request,store.request,model_store_request,stock.group_stock_user,1,1,1,1
access_store_request_wizard,store.request_wizard,model_store_request_wizard,stock.group_stock_user,1,1,1,1
access_store_request_line,store.request.line,model_store_request_line,stock.group_stock_user,1,1,1,1
purchase_store_request,store.request,model_store_request,purchase.group_purchase_user,1,1,1,1
purchase_store_request_wizard,store.request_wizard,model_store_request_wizard,purchase.group_purchase_user,1,1,1,1
purchase_store_request_line,store.request.line,model_store_request_line,purchase.group_purchase_user,1,1,1,1