<odoo>
  
<!--
          <record id="object0" model="budget_approval.budget_approval">
            <field name="name">Object 0</field>
            <field name="value">0</field>
          </record>

          <record id="object1" model="budget_approval.budget_approval">
            <field name="name">Object 1</field>
            <field name="value">10</field>
          </record>

          <record id="object2" model="budget_approval.budget_approval">
            <field name="name">Object 2</field>
            <field name="value">20</field>
          </record>

          <record id="object3" model="budget_approval.budget_approval">
            <field name="name">Object 3</field>
            <field name="value">30</field>
          </record>

          <record id="object4" model="budget_approval.budget_approval">
            <field name="name">Object 4</field>
            <field name="value">40</field>
          </record>
-->

          <!-- <record id="budget_notify_scheduler" model="ir.cron">
            <field name="name">Budget Notify Scheduler</field>
            <field name="model">crossovered.budget.lines</field>
            <field name="function">action_send_email</field>
            <field name="interval_type">days</field>
            <field name="numbercall">1</field>
            <field name="priority">5</field>
            <field name="doall">False</field>
            <field name="active">True</field>
            <field name="user_id" ref="base.user_root"/>
            <field name="interval_number">1</field>
          
          </record> -->
           <record  id="budget_notify_scheduler" model="ir.cron">
                <field name="name">Budget Notify Scheduler</field>
                <field name="model_id" ref="model_crossovered_budget_lines"/>
                <field name="state">code</field>
                <field name="code">model._send_mail_template()</field>
                <field name="interval_number">1</field>
                <field name="interval_type">days</field>
                <field name="numbercall">-1</field>
                <field eval="False" name="doall" />
            </record>

 
</odoo>