<?xml version="1.0" encoding="UTF-8"?>
<templates id="template" xml:space="preserve">
    <t t-name="HrDashboard">
        <div class="o_dashboards">
            <t t-call="emp_dashboard_header"/>
            <div class="o_employee_dashboard"/>
        </div>
    </t>
    <t t-name="emp_dashboard_header">
       <div>
            <div style="background-color: #c7cbce">
                <h3 style="text-align: center;padding: 10px;font-size: 20px; ">
                   HR Attendance Dashboard
                </h3>
                <div class="container">
                  <div class="row">
                    <div class="col-sm-2" style="padding-right:0px;">
                     <div class="form-group">
                        <label style="font-weight:900;">Report Type</label>
                        <select class="form-control" id="report_type" required="1" style="border-radius: 0px;">
                            <option value="week">This Week</option>
                            <option selected="selected" value="month">This Month</option>
                            <option value="15_days">Last 15 Days</option>
                        </select>
                      </div>
                    </div>
                    <div class="col-sm-1" style="padding-left:2px;">
                        <br/><button id="pdf_button" type="button" class="btn btn-primary" style="background-color:#00A09D;border-color:#00A09D;border-radius:0px;margin-top: 7px;"><span class="fa fa-download"/> PDF</button></div>
                    <div class="col-sm-6"></div>
                    <div class="col-sm-3">
                      <br/><input type="search" class="form-control searchInput" id="o-export-search-filter" placeholder="Search" style="border-radius: 0px;"/>
                    </div>
                  </div>
                </div>
                <!-- <div class="col-lg-12" style="display: flex;">
                    <div class="col-lg-3" style="padding-bottom: 20px;">
                        <div class="row m-2">
                            <label class="col-4 mt-2 text-left;" style="color:white">Report Type</label>
                            <select class="form-control col-8" id="report_type" required="1">
                                <option value="week">This Week</option>
                                <option selected="selected" value="month">This Month</option>
                                <option value="15_days">Last 15 Days</option>
                            </select>
                            <button id="pdf_button" type="button" class="btn btn-primary" style="background-color:#00A09D;color:white;border-color:#00A09D;border-radius:0px;"><span class="fa fa-download"/> PDF</button>
                        </div>
                    </div>
                    <div class="col-lg-3" style="padding-bottom: 20px;"/>
                    <div class="col-lg-3" style="padding-bottom: 20px;"/>
                    <div class="col-lg-3" style="padding-bottom: 20px;">
                        <div class="input-group mb-3">
                            <input type="search" class="form-control searchInput" id="o-export-search-filter" placeholder="Search" />
                        </div>
                    </div>
                </div> -->
            </div>
        </div>
    </t>
    <t t-name="EmpAttendance">
        <div class="col-lg-12 table-wrapper">
            <table class="table">
                <thead class="thead-dark">
                    <tr>
                        <th scope="col" style="vertical-align: middle;">Employee</th>
                        <t t-foreach="widget.header" t-as="col">
                            <th style="text-align: center;">
                                <span t-esc="col.split('-')[0]"/>
                                <br/>
                                <span style="font-size: 10px;" t-esc="col.split('-')[1]"/>
                            </th>
                        </t>
                        <th scope="col" style="vertical-align: middle;">Total</th>
                    </tr>
                </thead>
                <tbody>
                    <t t-foreach="employee_ids" t-as="emp">
                        <t t-set="total_attendance" t-value="0.0"/>
                        <tr>
                            <td style="vertical-align: middle;">
                                <div style="display: flex;">
                                    <div>
                                        <img t-att-src="'/web/image/hr.employee/'+ emp.id +'/image_1920'" style="height: 30px;width: 30px;border-radius: 50%;"/>
                                    </div>
                                    <div style="padding-left: 10px;">
                                        <strong><span t-esc="emp.name"/></strong><br/>
                                        <span t-esc="emp.position"/>
                                    </div>
                                </div>
                            </td>
                            <t t-foreach="emp.hours" t-as="data">
                                <t t-if="data.att == 'AA'">
                                    <t t-set="total_attendance" t-value="total_attendance+1"/>
                                </t> 
                                <td style="text-align: center;" t-att-class="data.class">
                                    <span t-esc="data.att"/><br/>
                                    <span t-esc="data.value"/>
                                </td>
                            </t>
                            <td style="vertical-align: middle;">
                                <span t-esc="total_attendance"/>
                            </td>
                        </tr>
                    </t>
                </tbody>
            </table>
        </div>
    </t>
</templates>
