<?xml version="1.0" encoding="UTF-8"?>
<odoo>
    <record id="mt_sale_approved_one" model="mail.message.subtype">
        <field name="name">Sale Order Approved By Sales Manager</field>
        <field name="default" eval="False"/>
        <field name="res_model">sale.order</field>
    </record>
    <record id="mt_sale_approved_two" model="mail.message.subtype">
        <field name="name">Sale Order Approved by CFO</field>
        <field name="default" eval="False"/>
        <field name="res_model">sale.order</field>
    </record>
</odoo>


