<?xml version="1.0" encoding="utf-8"?>
<odoo>
       
        <!-- <data noupdate="1"> -->

        <record id="rule_activity_admin" model="ir.rule">
            <field name="name">Activity: Admin</field>
            <field name="model_id" ref="model_mail_activity"/>
            <field name="domain_force">[(1, '=', 1)]</field>
            <field name="groups" eval="[(4, ref('base.user_admin'))]"/>
            <field name="perm_unlink" eval="1"/>
            <field name="perm_write" eval="1"/>
            <field name="perm_read" eval="1"/>
            <field name="perm_create" eval="1"/>
        </record>

        <record id="rule_activity_user" model="ir.rule">
            <field name="name">Activity: user</field>
            <field name="model_id" ref="model_mail_activity"/>
            <field name="domain_force">[('user_id', '=', user.id)]</field>
            <field name="groups" eval="[(4, ref('base.group_user'))]"/>
            <field name="perm_unlink" eval="0"/>
            <field name="perm_write" eval="1"/>
            <field name="perm_read" eval="1"/>
            <field name="perm_create" eval="1"/>
        </record>
<!-- 
        <function name="write" model="ir.sequence">
            <function name="search" model="ir.sequence">
                <value eval="[('module', '=', 'mail'), ('name', '=', 'mail_activity_rule_user')]"/>
            </function>
            <value eval="{'noupdate': False}" />
        </function>
 -->
         <record id="mail.mail_activity_rule_user" model="ir.rule">
            <field name="name">mail.activity: user: write/unlink only (created or assigned)</field>
            <field name="model_id" ref="model_mail_activity"/>
            <field name="domain_force">['|', ('user_id', '=', user.id), ('create_uid', '=', user.id)]</field>
            <field name="groups" eval="[(4, ref('base.group_user'))]"/>
            <field name="perm_create" eval="False"/>
            <field name="perm_read" eval="False"/>
            <field name="perm_write" eval="True"/>
            <field name="perm_unlink" eval="True"/>
            <field name="active" eval="False"/>
        </record>
    
    <!-- </data> -->
</odoo>
