<!--<odoo>
    <data noupdate="1">
        <record  id="ir_cron_employee_loan" model="ir.cron">
            <field name="name">Employee Loan Period</field>
            <field name="model_id" ref="model_hr_contract"/>
            <field name="state">code</field>
            <field name="code">model._cron_update()</field>
            <field name="interval_number">1</field>
            <field name="interval_type">weeks</field>
            <field name="numbercall">-1</field>
            <field eval="False" name="doall" />
        </record>
    </data>
</odoo>-->
