<odoo>
    <!-- <data nonupdate="1"> -->
       <record id="seq_auto_generate_id" model="ir.sequence">
            <field name="name">Auto Generate Customer ID</field>
            <field name="code">res.partner</field>
            <field name="active">TRUE</field>
            <field name="prefix">CUST/</field>
            <field name="padding">5</field>
            <field name="number_next">1</field>
            <field name="number_increment">1</field>
            <field name="company_id" eval="False"/>
        </record>
    <!-- </data> -->
</odoo>