id,name,model_id:id,group_id:id,perm_read,perm_write,perm_create,perm_unlink
access_project_plan_report_project_plan_report,project_plan_report,model_project_plan_report,project.group_project_manager,1,1,1,1
access_project_alum_line,project_alum_line,model_project_aluminium_line,project.group_project_manager,1,1,1,1
access_project_alum_line_cord,project_alum_line_cord,model_project_aluminium_line,project_plan_report.project_coordinator_group,1,1,1,1
access_project_curtain_line,project_curtain_line,model_project_curtain_line,project.group_project_manager,1,1,1,1
access_project_curtain_line_cord,project_curtain_line_cord,model_project_curtain_line,project_plan_report.project_coordinator_group,1,1,1,1