id,name,model_id:id,group_id:id,perm_read,perm_write,perm_create,perm_unlink
access_customer_approval_two,cust_two_approval,model_customer_approval,account.group_account_manager,1,1,1,1
access_customer_approval_two,cust_two_approval,model_customer_approval,account.group_account_invoice,1,1,1,1
access_cust_approval_sales_own,cust_approval_sales_own,model_customer_approval,sales_team.group_sale_salesman,1,1,1,0
access_cust_approval_sales_all,cust_approval_sales_all,model_customer_approval,sales_team.group_sale_salesman_all_leads,1,1,1,0
access_cust_approval_sales_appr2,cust_approval_sales_appr2,model_customer_approval,sales_approval_workflow.group_approval_2,1,1,1,0
access_cust_approval_sales_admin,cust_approval_sales_admin,model_customer_approval,sales_team.group_sale_manager,1,1,1,0
access_acct_pay_sales,acct_pay_sales,account.model_account_payment,sales_team.group_sale_salesman_all_leads,1,0,0,0