<?xml version="1.0" encoding="utf-8"?>
<openerp>
    <data>
        <record forcecreate="True" id="decimal_custom_dp1" model="decimal.precision">
            <field name="name">Custom1</field>
            <field name="digits">2</field>
        </record>


       <record id="hr_contract_payrules" model="ir.ui.view">
            <field name="name">hr.contract.form.inherit</field>
            <field name="model">hr.contract</field>
            <field name="inherit_id" ref="hr_contract.hr_contract_view_form"/>
             <field name="type">form</field>
               <field name="arch" type="xml">
                <xpath expr='//page[@name="information"]' position="after">
                    <page string="Payroll Rules">
                            <group string="Payroll Rules" col ="4">
                                <field name="a_1"/>
                                <field name="d_1"/>
                                <field name="a_2"/>
                                <field name="d_2"/>
                                <field name="a_3"/>
                                <field name="d_3"/>
                                <field name="a_4"/>
                                <field name="d_4"/>
                            </group>
                    </page>
                </xpath>
            </field>
        </record>
    </data>
</openerp>